,,PDemand,QDemand
2030,0,150,50
2030,1,112.5,37.5
2030,2,56.25,18.75
2030,3,0,0
2030,4,0,0
2030,5,0,0
2030,6,37.5,12.5
2030,7,75,25
2030,8,112.5,37.5
2030,9,172.5,57.5
2030,10,232.5,77.5
2030,11,172.5,57.5
2030,12,112.5,37.5
2030,13,56.25,18.75
2030,14,0,0
2030,15,0,0
2030,16,37.5,12.5
2030,17,112.5,37.5
2030,18,163.5,54.5
2030,19,223.5,74.5
2030,20,283.5,94.5
2030,21,283.5,94.5
2030,22,232.5,77.5
2030,23,172.5,57.5
2030,24,112.5,37.5
2030,25,56.25,18.75
2030,26,0,0
2030,27,0,0
2030,28,0,0
2030,29,0,0
2030,30,37.5,12.5
2030,31,62.5,20.83333333
2030,32,87.50000003,29.16666668
2030,33,112.5,37.5
2030,34,172.5,57.5
2030,35,172.5,57.5
2030,36,112.5,37.5
2030,37,56.25,18.75
2030,38,0,0
2030,39,0,0
2030,40,37.5,12.5
2030,41,112.5,37.5
2030,42,163.5,54.5
2030,43,223.5,74.5
2030,44,283.5,94.5
2030,45,283.5,94.5
2030,46,283.5,94.5
2030,47,283.5,94.5
2030,48,223.5,74.5
